Event ID,Event time,User name,Event name,Resource type,Resources,AWS access key,AWS region,Error code,Source IP address
5342acd1-ef44-47ec-b52a-36afc940014b,"2020-05-15, 04:21:48 PM",Accountant,ChangePassword,,,,us-east-1,,AWS Internal
28fecbb2-ec3f-4cbb-b14f-52727e85c441,"2020-05-15, 04:21:34 PM",Accountant,ConsoleLogin,,,,us-east-1,,47.152.132.148
2c4c2219-1aa3-4ab0-b22a-049192729305,"2020-05-15, 04:11:43 PM",CloudTrail,UpdateTrail,CloudTrail Trail and 1 more,"[{""resourceType"":""AWS::CloudTrail::Trail"",""resourceName"":""Udacity_Trail""},{""resourceType"":""AWS::CloudTrail::Trail"",""resourceName"":""arn:aws:cloudtrail:us-east-1:680046601166:trail/Udacity_Trail""},{""resourceType"":""AWS::S3::Bucket"",""resourceName"":""udacity-cloud-trailing""}]",,us-east-1,,47.152.132.148
b5f76f1a-357e-442f-8c86-b93217a5a8dc,"2020-05-15, 04:11:42 PM",CloudTrail,PutInsightSelectors,CloudTrail Trail,"[{""resourceType"":""AWS::CloudTrail::Trail"",""resourceName"":""arn:aws:cloudtrail:us-east-1:680046601166:trail/Udacity_Trail""}]",,us-east-1,,47.152.132.148
cfcf160d-b40d-4656-a483-5bd9b441a640,"2020-05-15, 04:11:42 PM",CloudTrail,PutEventSelectors,CloudTrail Trail,"[{""resourceType"":""AWS::CloudTrail::Trail"",""resourceName"":""arn:aws:cloudtrail:us-east-1:680046601166:trail/Udacity_Trail""}]",,us-east-1,,47.152.132.148
30b919f4-e16f-4c08-9527-a94b460bceda,"2020-05-15, 04:11:08 PM",CloudTrail,StartLogging,CloudTrail Trail,"[{""resourceType"":""AWS::CloudTrail::Trail"",""resourceName"":""Udacity_Trail""}]",,us-east-1,,47.152.132.148
b16f3661-b71d-444c-b48f-388262fb69a1,"2020-05-15, 04:11:07 PM",CloudTrail,PutEventSelectors,CloudTrail Trail,"[{""resourceType"":""AWS::CloudTrail::Trail"",""resourceName"":""Udacity_Trail""},{""resourceType"":""AWS::CloudTrail::Trail"",""resourceName"":""arn:aws:cloudtrail:us-east-1:680046601166:trail/Udacity_Trail""}]",,us-east-1,,47.152.132.148
c6091dd6-eeb9-4804-b74b-a289bdeaad75,"2020-05-15, 04:11:07 PM",CloudTrail,PutBucketPolicy,S3 Bucket,"[{""resourceType"":""AWS::S3::Bucket"",""resourceName"":""udacity-cloud-trailing""}]",,us-east-1,,47.152.132.148
c8fee1cb-7176-4761-b8eb-d6cf6c5729b9,"2020-05-15, 04:11:07 PM",CloudTrail,CreateBucket,S3 Bucket,"[{""resourceType"":""AWS::S3::Bucket"",""resourceName"":""udacity-cloud-trailing""}]",,us-east-1,,47.152.132.148
f36dd251-68c3-4e8d-bac6-708f3d5dac2e,"2020-05-15, 04:11:07 PM",CloudTrail,CreateTrail,CloudTrail Trail and 1 more,"[{""resourceType"":""AWS::CloudTrail::Trail"",""resourceName"":""Udacity_Trail""},{""resourceType"":""AWS::CloudTrail::Trail"",""resourceName"":""arn:aws:cloudtrail:us-east-1:680046601166:trail/Udacity_Trail""},{""resourceType"":""AWS::S3::Bucket"",""resourceName"":""udacity-cloud-trailing""}]",,us-east-1,,47.152.132.148
ca0d81bf-66c9-4da1-ac3d-ad0118d19b30,"2020-05-15, 04:09:09 PM",CloudTrail,ChangePassword,,,,us-east-1,,AWS Internal
86623936-8116-4546-af6f-7198af7ce8b4,"2020-05-15, 04:08:53 PM",CloudTrail,ConsoleLogin,,,,us-east-1,,47.152.132.148
59a508da-5a84-4204-96a2-37906f1e8427,"2020-05-15, 04:07:50 PM",root,RemoveUserFromGroup,IAM User and 1 more,"[{""resourceType"":""AWS::IAM::User"",""resourceName"":""CloudTrail""},{""resourceType"":""AWS::IAM::Group"",""resourceName"":""Reviewers""}]",,us-east-1,,47.152.132.148
39f1bdfe-dc43-481c-887e-3ac62dc2d2d4,"2020-05-15, 04:07:37 PM",root,RemoveUserFromGroup,IAM User and 1 more,"[{""resourceType"":""AWS::IAM::User"",""resourceName"":""Accountant""},{""resourceType"":""AWS::IAM::Group"",""resourceName"":""CloudTrailAdmins""}]",,us-east-1,,47.152.132.148
4d2299ed-1eae-4664-9ebc-f8d3f178118d,"2020-05-15, 04:05:52 PM",root,CreateLoginProfile,IAM User,"[{""resourceType"":""AWS::IAM::User"",""resourceName"":""Accountant""}]",,us-east-1,,47.152.132.148
c2913743-2f2b-4f7e-b801-974e9968539e,"2020-05-15, 04:05:52 PM",root,CreateLoginProfile,IAM User,"[{""resourceType"":""AWS::IAM::User"",""resourceName"":""CloudTrail""}]",,us-east-1,,47.152.132.148
21410779-dfe3-424b-b8d5-d2d8069c0c7b,"2020-05-15, 04:05:51 PM",root,AddUserToGroup,IAM User and 1 more,"[{""resourceType"":""AWS::IAM::User"",""resourceName"":""CloudTrail""},{""resourceType"":""AWS::IAM::Group"",""resourceName"":""CloudTrailAdmins""}]",,us-east-1,,47.152.132.148
34cd614a-9b97-4389-80aa-d961409042ce,"2020-05-15, 04:05:51 PM",root,AddUserToGroup,IAM User and 1 more,"[{""resourceType"":""AWS::IAM::User"",""resourceName"":""Accountant""},{""resourceType"":""AWS::IAM::Group"",""resourceName"":""Reviewers""}]",,us-east-1,,47.152.132.148
44bf28af-5ad6-4458-afc2-9c2b4aee391d,"2020-05-15, 04:05:51 PM",root,CreateUser,IAM User,"[{""resourceType"":""AWS::IAM::User"",""resourceName"":""arn:aws:iam::680046601166:user/CloudTrail""},{""resourceType"":""AWS::IAM::User"",""resourceName"":""CloudTrail""},{""resourceType"":""AWS::IAM::User"",""resourceName"":""AIDAZ4VPPUPHKM4GR457Q""}]",,us-east-1,,47.152.132.148
96114b3a-dc21-41e9-9d76-bfe22f3c6be3,"2020-05-15, 04:05:51 PM",root,AddUserToGroup,IAM User and 1 more,"[{""resourceType"":""AWS::IAM::User"",""resourceName"":""CloudTrail""},{""resourceType"":""AWS::IAM::Group"",""resourceName"":""Reviewers""}]",,us-east-1,,47.152.132.148
ba7f7d0a-5052-467c-a568-6c04e1f27c69,"2020-05-15, 04:05:51 PM",root,AddUserToGroup,IAM User and 1 more,"[{""resourceType"":""AWS::IAM::User"",""resourceName"":""Accountant""},{""resourceType"":""AWS::IAM::Group"",""resourceName"":""CloudTrailAdmins""}]",,us-east-1,,47.152.132.148
f1106764-3c21-4cff-8193-d7249e6f5f0b,"2020-05-15, 04:05:51 PM",root,CreateUser,IAM User,"[{""resourceType"":""AWS::IAM::User"",""resourceName"":""AIDAZ4VPPUPHG7SOCDDVD""},{""resourceType"":""AWS::IAM::User"",""resourceName"":""Accountant""},{""resourceType"":""AWS::IAM::User"",""resourceName"":""arn:aws:iam::680046601166:user/Accountant""}]",,us-east-1,,47.152.132.148
2eeb1b94-a746-4cfe-bb28-8f21856d193e,"2020-05-15, 04:04:03 PM",root,AttachGroupPolicy,IAM Policy and 1 more,"[{""resourceType"":""AWS::IAM::Policy"",""resourceName"":""arn:aws:iam::aws:policy/job-function/Billing""},{""resourceType"":""AWS::IAM::Group"",""resourceName"":""Reviewers""}]",,us-east-1,,47.152.132.148
37ecb7a0-9222-4cad-93e1-718e333f9227,"2020-05-15, 04:04:03 PM",root,CreateGroup,IAM Group,"[{""resourceType"":""AWS::IAM::Group"",""resourceName"":""arn:aws:iam::680046601166:group/Reviewers""},{""resourceType"":""AWS::IAM::Group"",""resourceName"":""Reviewers""},{""resourceType"":""AWS::IAM::Group"",""resourceName"":""AGPAZ4VPPUPHOFCZSEBCM""}]",,us-east-1,,47.152.132.148
4ee0811b-bd4b-41fc-aef8-be5be6586f4d,"2020-05-15, 04:03:41 PM",root,AttachGroupPolicy,IAM Policy and 1 more,"[{""resourceType"":""AWS::IAM::Policy"",""resourceName"":""arn:aws:iam::aws:policy/AWSCloudTrailReadOnlyAccess""},{""resourceType"":""AWS::IAM::Group"",""resourceName"":""CloudTrailAdmins""}]",,us-east-1,,47.152.132.148
87c25126-e781-4af0-9284-1d8f36e5b7dd,"2020-05-15, 04:03:41 PM",root,CreateGroup,IAM Group,"[{""resourceType"":""AWS::IAM::Group"",""resourceName"":""CloudTrailAdmins""},{""resourceType"":""AWS::IAM::Group"",""resourceName"":""AGPAZ4VPPUPHG5MMUH3ES""},{""resourceType"":""AWS::IAM::Group"",""resourceName"":""arn:aws:iam::680046601166:group/CloudTrailAdmins""}]",,us-east-1,,47.152.132.148
fd8dce00-b303-4e8b-91e5-3983ef925568,"2020-05-15, 04:03:41 PM",root,AttachGroupPolicy,IAM Policy and 1 more,"[{""resourceType"":""AWS::IAM::Policy"",""resourceName"":""arn:aws:iam::aws:policy/AWSCloudTrailFullAccess""},{""resourceType"":""AWS::IAM::Group"",""resourceName"":""CloudTrailAdmins""}]",,us-east-1,,47.152.132.148